category,singular,plural,prep,theme
abstract,anger,,,
abstract,anthropology,,,modern
abstract,archaeology,,,modern
abstract,art,,,
abstract,authority,,,
abstract,aviation,,,modern
abstract,biology,,,
abstract,chaos,,,
abstract,conciousness,,,
abstract,confusion,,,
abstract,cosmology,,,
abstract,cybernetics,,,scifi
abstract,deception,,,
abstract,desire,,,
abstract,despair,,,
abstract,destiny,,,
abstract,diplomacy,,,
abstract,dreams,,,
abstract,duty,,,
abstract,ecology,,,modern
abstract,economics,,,
abstract,emptiness,,,
abstract,equality,,,
abstract,espionage,,,
abstract,euphoria,,,
abstract,fate,,,
abstract,fear,,,
abstract,freedom,,,
abstract,growth,,,
abstract,hapiness,,,
abstract,hard work,,,
abstract,hatred,,,
abstract,history,,,
abstract,hope,,,
abstract,hubris,,,
abstract,ignorance,,,
abstract,imagination,,,
abstract,journalism,,,modern
abstract,justice,,,
abstract,knowledge,,,
abstract,language,,,
abstract,laziness,,,
abstract,liberty,,,
abstract,literature,,,
abstract,loss,,,
abstract,love,,,
abstract,magic,,,fantasy
abstract,medicine,,,
abstract,memes,,,modern
abstract,memory,,,
abstract,music,,,
abstract,mystery,,,
abstract,nightmares,,,
abstract,oppulence,,,
abstract,order,,,
abstract,pain,,,
abstract,paleontology,,,modern
abstract,peace,,,
abstract,philosophy,,,
abstract,physics,,,modern
abstract,poetry,,,
abstract,privacy,,,
abstract,procrastination,,,
abstract,psychiatry,,,modern
abstract,rage,,,
abstract,reality,,,
abstract,religion,,,
abstract,righteousness,,,
abstract,robotics,,,scifi
abstract,rocketry,,,modern
abstract,sadness,,,
abstract,schadenfreude,,,
abstract,science,,,
abstract,security,,,
abstract,servitude,,,
abstract,sleep,,,
abstract,sociology,,,modern
abstract,solitude,,,
abstract,sonder,,,
abstract,sorcery,,,fantasy
abstract,sports,,,
abstract,squalor,,,
abstract,technology,,,
abstract,the ineffable,,,
abstract,time,,,
abstract,time travel,,,scifi
abstract,truth,,,
abstract,TV sports,,,modern
abstract,urban planning,,,modern
abstract,vexation,,,
abstract,wizardry,,,fantasy
abstract,wrath,,,
abstract,wrongfulness,,,
animate,A.I.,A.I.s,,scifi
animate,activist,activists,,modern
animate,actor,actors,,
animate,actress,actresses,,
animate,administrator,administrators,,
animate,admiral,admirals,,
animate,advisor,advisors,,
animate,alchemist,alchemists,,historic
animate,alien,aliens,,scifi
animate,ambassador,ambassadors,,
animate,android,androids,,scifi
animate,angel,angels,,fantasy
animate,ant,ants,,
animate,anthropologist,anthropologists,,modern
animate,ape,apes,,
animate,apprentice,apprentices,,
animate,archaeologist,archaeologists,,modern
animate,archer,archers,,historic
animate,architect,architects,,
animate,aristrocrat,aristocrats,,
animate,arsonist,arsonists,,
animate,artist,artists,,
animate,assassin,assassins,,
animate,astrologer,astrologers,,
animate,astronaut,astronauts,,modern
animate,astronomer,astronomers,,
animate,athlete,athletes,,
animate,aunt,aunts,,
animate,author,authors,,
animate,baby,babies,,
animate,babysitter,babysitters,modern,
animate,badger,badgers,,
animate,baker,bakers,,
animate,ballerina,ballerinas,,modern
animate,bandit,bandits,,
animate,banker,bankers,,
animate,banshee,banshees,,fantasy
animate,barbarian,barbarians,,historic
animate,barber,barbers,,
animate,bard,bards,,historic
animate,barista,baristas,,
animate,baron,barons,,historic
animate,baroness,baronesses,,historic
animate,bartender,bartenders,,
animate,basilisk,basilisks,,fantasy
animate,bat,bats,,
animate,bear,bears,,
animate,beast,beasts,,fantasy
animate,beautician,beauticians,,modern
animate,beaver,beavers,,
animate,bee,bees,,
animate,beetle,beetles,,
animate,beggar,beggars,,
animate,bigfoot,bigfoots,,modern
animate,biker,bikers,,modern
animate,biologist,biologists,,
animate,bird,birds,,
animate,bishop,bishops,,
animate,black-belt,black-belts,,modern
animate,blogger,bloggers,,modern
animate,boa constrictor,boa constrictors,,
animate,boar,boars,,
animate,bobcat,bobcat,,
animate,body builder,body builder,,modern
animate,boy,boys,,
animate,brewer,brewer,,
animate,brigand,brigand,,historic
animate,brother,brothers,,
animate,brother-in-law,brothers-in-law,,
animate,bug,bug,,
animate,bull,bulls,,
animate,bully,bully,,
animate,burglar,burglars,,
animate,businessman,businessmen,,
animate,businesswoman,businesswomen,,
animate,butler,butler,,
animate,butterfly,butterflies,,
animate,cabin boy,cabin boys,,historic
animate,cactus,cacti,,
animate,calf,calves,,
animate,caliph,caliphs,,
animate,capitalist,capitalists,,modern
animate,captain,captains,,
animate,capybara,capybaras,,
animate,carpenter,carpenters,,
animate,cartographer,cartograhpers,,
animate,cashier,cashiers,,modern
animate,cat,cats,,
animate,caterpillar,caterpillars,,
animate,cave man,cave men,,
animate,cave woman,cave women,,
animate,celebrity,celebrities,,modern
animate,centaur,centaurs,,fantasy
animate,centurion,centurions,,historic
animate,CEO,CEOs,,modern
animate,CFO,CFOs,,modern
animate,chancellor,chancellors,,
animate,chaplain,chaplains,,
animate,chauffeur,chauffeurs,,modern
animate,cheerleader,cheerleaders,,modern
animate,cheetah,cheetahs,,
animate,chef,chefs,,
animate,chemist,chemists,,
animate,cherub,cherubim,,fantasy
animate,chessmaster,chessmasters,,modern
animate,chicken,chickens,,
animate,chieftan,chieftans,,historic
animate,child,children,,
animate,chimera,chimeras,,fantasy
animate,chipmunk,chipmunks,,
animate,cinematographer,cinematographers,,modern
animate,clam,clams,,
animate,clown,clowns,,
animate,cobra,cobras,,
animate,coelacanth,coelacanths,,
animate,comedian,comedians,,
animate,communist,communists,,modern
animate,con artist,con artists,,
animate,concierge,concierges,,modern
animate,concubine,concubines,,historic
animate,construction worker,construction workers,,modern
animate,cook,cooks,,
animate,cop,cops,,modern
animate,cosmonaut,cosmonauts,,modern
animate,count,counts,,historic
animate,countess,countesses,,historic
animate,courier,couriers,,
animate,courtesan,courtesans,,
animate,cousin,cousins,,
animate,cow,cows,,
animate,cowboy,cowboys,,modern
animate,cowgirl,cowgirls,,modern
animate,coyote,coyotes,,
animate,cricket,crickets,,
animate,crow,crows,,
animate,crusader,crusaders,historic,
animate,CTO,CTOs,,modern
animate,cyclist,cyclists,,
animate,cyclops,cyclopes,,fantasy
animate,dad,dads,,
animate,dancer,dancers,,
animate,daughter,daughters,,
animate,daughter-in-law,daughters-in-law,,
animate,debutante,debutantes,,
animate,deer,deer,,
animate,demon,demons,,fantasy
animate,detective,detectives,,modern
animate,dictator,dictators,,modern
animate,dinosaur,dinosaurs,,fantasy
animate,diplomat,diplomats,,
animate,DJ,DJs,,modern
animate,doctor,doctors,,
animate,dog,dogs,,
animate,dolphin,dolphins,,
animate,donkey,donkies,,
animate,dove,doves,,
animate,dragon,dragons,fantasy,
animate,dress,dresses,,
animate,drone,drones,,modern
animate,drudge,drudges,,historic
animate,druid,druids,,fantasy
animate,drunkard,drunkards,,
animate,duchess,duchesses,,historic
animate,duck,ducks,,
animate,duke,dukes,,historic
animate,dwarf,dwarves,,fantasy
animate,eagle,eagles,,
animate,editor,editors,,modern
animate,eel,eels,,
animate,electrictian,electrician,,modern
animate,elephant,elephants,,
animate,elf,elves,,fantasy
animate,elk,elks,,
animate,emperor,emperors,,historic
animate,empress,empresses,,historic
animate,enemy,enemies,,
animate,engineer,engineers,,
animate,entity,entities,,fantasy
animate,entrepeneur,entrepeneurs,,
animate,eunuch,eunuchs,,historic
animate,evangelist,evangelists,,
animate,fairy,faries,,fantasy
animate,farmer,farmers,,
animate,father,fathers,,
animate,father-in-law,fathers-in-law,,
animate,felon,felons,,modern
animate,ferret,ferrets,,
animate,filmmaker,filmmakers,,modern
animate,firefighter,firefighters,,modern
animate,fish,fish,,
animate,fisherman,fishermen,,
animate,flight attendant,flight attendants,,modern
animate,fly,flies,,
animate,foal,foals,,
animate,foodtruck driver,foodtruck drivers,,modern
animate,fool,fools,,
animate,foreman,foremen,,modern
animate,fox,foxes,,
animate,friar,friars,,fantasy
animate,friend,friends,,
animate,frog,frogs,,
animate,fugitive,fugitives,,
animate,gambler,gamblers,,
animate,gangster,gangsters,,modern
animate,gecko,geckos,,
animate,geisha,geishas,,
animate,general,generals,,
animate,genie,genies,,fantasy
animate,genius,geniuses,,
animate,gentleman,gentlemen,,
animate,ghost,ghosts,,fantasy
animate,giant,giants,,fantasy
animate,giraffe,giraffes,,
animate,girl,girls,,
animate,gladiator,gladiators,,historic
animate,gnome,gnomes,,fantasy
animate,goat,gots,,
animate,goblin,goblins,,fantasy
animate,god,gods,,
animate,goddess,goddesses,,
animate,golem,golems,,fantasy
animate,goose,geese,,
animate,gopher,gophers,,
animate,gorgon,gogons,,fantasy
animate,gorilla,gorillas,,
animate,grandfather,grandfathers,,
animate,grandma,grandmas,,
animate,grandmothers,grandmothers,,
animate,grandpa,grandpas,,
animate,grasshopper,grashoppers,,
animate,gravedigger,gravediggers,,
animate,graverobber,graverobbers,,
animate,great aunt,great aunts,,
animate,great uncle,great uncles,,
animate,grizzly bear,grizzly bears,,
animate,groundskeeper,groundskeepers,,
animate,gryphon,gryphons,,fantasy
animate,hacker,hackers,,modern
animate,hen,hens,,
animate,hippie,hippies,,
animate,hippopotamus,hippopotami,,
animate,hobgoblin,hobgoblins,,fantasy
animate,hobo,hobos,,
animate,hog,hogs,,
animate,hornet,hornets,,
animate,horse,horses,,
animate,housekeeper,housekeepers,,
animate,hummingbird,hummingbirds,,
animate,hunter,hunters,,
animate,husband,husbands,,
animate,hyena,hyenas,,
animate,idiot,idiots,,
animate,iguana,iguanas,,
animate,imam,imams,,
animate,inmate,inmates,,modern
animate,inquisitor,inquisitors,,historic
animate,insomniac,insomniacs,,
animate,inspector,inspectors,,
animate,inventor,inventors,,
animate,investor,investors,,modern
animate,jaguar,jaguars,,
animate,jellyfish,jellyfish,,
animate,jester,jesters,,
animate,jihadi,jihadis,,historic
animate,jogger,joggers,,
animate,journalist,journalists,,modern
animate,judge,judge,,
animate,juggler,jugglers,,
animate,kangaroo,kangaroos,,
animate,kid,kids,,
animate,king,king,,historic
animate,kitten,kittens,,
animate,knight,knight,,historic
animate,laborer,laborers,,
animate,lady,ladies,,
animate,lama,lamas,,
animate,landlord,landlords,,
animate,lawmaker,lawmakers,,
animate,lawyer,lawyers,,modern
animate,leapord,leapords,,
animate,legionnaire,legionnaires,,historic
animate,lemur,lemurs,,
animate,leper,lepers,,
animate,leprechaun,leprechauns,,fantasy
animate,librarian,librarians,,
animate,lieutenant,lieutenants,,
animate,lion,lions,,
animate,lioness,lionesses,,
animate,lizard,lizards,,
animate,llama,llamas,,
animate,lord,lords,,historic
animate,lynx,lynxes,,
animate,magician,magicians,,
animate,magistrate,magistrates,,historic
animate,maid,maids,,
animate,mammoth,mammoths,,historic
animate,man,men,,
animate,manager,manager,,modern
animate,marine,marines,,modern
animate,marlin,marlins,,
animate,marshal,marshals,,
animate,mason,masons,,
animate,mastadon,mastadons,,historic
animate,mathematician,mathematicians,,
animate,matriarch,matriarchs,,
animate,mayor,mayors,,
animate,mechanic,mechanics,,modern
animate,mermaid,mermaids,,fantasy
animate,merman,mermen,,fantasy
animate,midwife,midwives,,
animate,mime,mimes,,
animate,miner,miners,,
animate,mobster,mobsters,,
animate,model,models,,
animate,mollusk,mollusks,,
animate,mom,moms,,
animate,monk,monks,,
animate,monkey,monkies,,
animate,monster,monsters,,fantasy
animate,moose,moose,,
animate,mortician,morticians,,
animate,moth,moths,,
animate,mother,mothers,,
animate,mother-in-law,mothers-in-law,,
animate,mountaineer,mountaineers,,
animate,mouse,mice,,
animate,moutain lion,mountain lions,,
animate,mule,mules,,
animate,murderer,murderers,,
animate,muse,muses,,
animate,musician,musicians,,
animate,mussel,mussels,,
animate,nanny,nannies,,
animate,news anchor,news anchors,,modern
animate,ninja,ninjas,,historic
animate,novelist,novelists,,modern
animate,nun,nuns,,
animate,nurse,nurses,,
animate,octopus,octopi,,
animate,ogre,ogres,,fantasy
animate,optometrist,optometrists,,modern
animate,oracle,oracles,,fantasy
animate,orangutan,orangutans,,
animate,orca,orcas,,
animate,orphan,orphans,,
animate,otolaryngologist,otolaryngologists,,modern
animate,outlaw,outlaws,,
animate,owl,owls,,
animate,oyster,oysters,,
animate,painter,painters,,
animate,paleontologist,paleontologists,,modern
animate,panda,pandas,,
animate,patriarch,patriarchs,,
animate,peacock,peacocks,,
animate,peasant,peasants,,historic
animate,pelican,pelicans,,
animate,penguin,penguins,,
animate,pharmacist,pharmacists,,
animate,philanthropist,philanthropists,,
animate,philosopher,philosophers,,
animate,physicist,physicists,,
animate,pig,pigs,,
animate,pigeon,pigeons,,
animate,piglet,piglets,,
animate,pilgrim,pilgrims,,
animate,pilot,pilots,,modern
animate,pioneer,pioneers,,
animate,pirate,pirates,,historic
animate,plumber,plumbers,,modern
animate,poet,poets,,
animate,polar bear,polar bears,,
animate,politician,politicians,,
animate,pope,popes,,
animate,prarie dog,prarie dogs,,
animate,president,presidents,,modern
animate,priest,priests,,
animate,priestess,priestesses,,
animate,prince,princes,,historic
animate,princess,princesses,,historic
animate,prisoner,prisoners,,
animate,professor,professors,,modern
animate,prophet,prophets,,
animate,prospector,prospectors,,modern
animate,protestor,protestors,,
animate,psychiatrist,psychiatrists,,modern
animate,publisher,publishers,,modern
animate,puma,pumas,,
animate,puppeteer,puppeteers,,
animate,puppy,puppies,,
animate,python,pythons,,
animate,quagga,quagga,,historic
animate,quarterback,quarterback,,modern
animate,queen,queen,,historic
animate,rabbi,rabbis,,
animate,rabbit,rabbits,,
animate,racecar driver,racecar drivers,,modern
animate,rancher,ranchers,,
animate,ranger,rangers,,
animate,rat,rats,,
animate,raven,ravens,,
animate,raver,ravers,,modern
animate,rebel,rebels,,
animate,refugee,refugees,,
animate,reindeer,reindeer,,
animate,researcher,researchers,,
animate,reverend,reverends,,
animate,rhinoceros,rhinoceros,,
animate,robot,robots,,scifi
animate,rockstar,rockstars,,modern
animate,rooster,roosters,,
animate,saber-toothed tiger,saber-toothed tigers,,historic
animate,sailor,sailors,,
animate,saint,saints,,
animate,salmon,salmons,,
animate,samurai,samurai,,historic
animate,sasquatch,sasquatches,,fantasy
animate,satyr,satyrs,,fantasy
animate,savant,savants,,
animate,scholar,scholars,,
animate,scientist,scientists,,modern
animate,scout,scouts,,
animate,scuba diver,scuba divers,,modern
animate,sculptor,sculptors,,
animate,seamstress,seamstresses,,
animate,secretary,secretaries,,
animate,security guard,security guards,,
animate,seer,seers,,fantasy
animate,senator,senators,,
animate,sergeant,sergeants,,
animate,servant,servants,,
animate,server,servers,,
animate,shark,sharks,,
animate,sheep,sheep,,
animate,sheriff,sheriffs,,modern
animate,singer,singers,,
animate,singer-songwriter,singer-songwriters,,modern
animate,siren,sirens,,fantasy
animate,sister,sisters,,
animate,sister-in-law,sisters-in-law,,
animate,skeleton,skeletons,,fantasy
animate,skunk,skunks,,
animate,slave,slaves,,
animate,sleuth,sleuths,,modern
animate,slug,slugs,,
animate,smith,smiths,,historic
animate,snail,snails,,
animate,snake,snakes,,
animate,sociologist,sociologists,,modern
animate,soldier,soldiers,,
animate,son,sons,,
animate,son-in-law,sons-in-law,,
animate,sorceress,sorceresses,,fantasy
animate,sorceror,sorcerors,,fantasy
animate,sous chef,sous chefs,,
animate,space marine,space marines,,scifi
animate,space ranger,space rangers,,scifi
animate,spectre,spectres,,fantasy
animate,spider,spiders,,
animate,spirit,spirits,,
animate,sports fan,sports fans,,
animate,spy,spies,,
animate,squatter,squatters,,
animate,squid,squids,,
animate,squire,squires,,historic
animate,squirrel,squirrels,,
animate,starfish,starfish,,
animate,statesman,statesmen,,
animate,stepbrother,stepbrothers,,
animate,stepdaughter,stepdaughters,,
animate,stepfather,stepfathers,,
animate,stepmother,stepmothers,,
animate,stepsister,stepsisters,,
animate,stepson,stepsons,,
animate,stingray,stingrays,,
animate,stock broker,stock brokers,,modern
animate,stranger,strangers,,
animate,student,students,,
animate,stunt double,stunt doubles,,
animate,sultan,sultans,,historic
animate,sultana,sultanas,,historic
animate,superhero,superheroes,,modern
animate,supervillain,supervillains,,modern
animate,surgeon,surgeons,,modern
animate,swan,swans,,
animate,swimmer,swimmers,,
animate,tanuki,tanuki,,
animate,taxedermist,taxedermists,,
animate,taxi driver,taxi drivers,,modern
animate,teacher,teachers,,
animate,televangelist,televangelists,,modern
animate,termite,termites,,
animate,terrorist,terrorists,,
animate,theif,theives,,
animate,therapist,therapists,,modern
animate,tiger,tigers,,
animate,titan,titans,,fantasy
animate,toad,toads,,
animate,tortoise,tortoises,,
animate,tour guide,tour guides,,
animate,tourist,tourists,,modern
animate,trader,traders,,historic
animate,tree,trees,,fantasy
animate,tree frog,tree frogs,,
animate,trickster,trickers,,
animate,troll,trolls,,fantasy
animate,trout,trouts,,
animate,truck driver,truck drivers,,modern
animate,turkey,turkeys,,
animate,turtle,turtle,,
animate,twin,twin,,
animate,typist,typists,,modern
animate,uncle,uncles,,
animate,unicorn,unicorns,,fantasy
animate,urchin,urchins,,
animate,vagrant,vagrants,,
animate,vampire,vampires,,fantasy
animate,veteran,veterans,,
animate,viceroy,viceroys,,historic
animate,viking,vikings,,historic
animate,voyageur,voyageurs,,historic
animate,waiter,waiters,,
animate,waitress,waitresses,,
animate,wallabee,wallabees,,
animate,walrus,walruses,,
animate,warden,wardens,,
animate,warlock,warlocks,,fantasy
animate,warlord,warlords,,historic
animate,warrior,warriors,,
animate,warthog,warthogs,,
animate,wasp,wasps,,
animate,welder,welders,,modern
animate,whale,whales,,
animate,widow,widows,,
animate,widower,widowers,,
animate,wife,wives,,
animate,witch,witches,,fantasy
animate,wizard,wizards,,fantasy
animate,wolf,wolves,,
animate,woman,women,,
animate,wombat,wombats,,
animate,woodpecker,woodpeckers,,
animate,worm,worms,,
animate,wrestler,wrestlers,,
animate,yeti,yetis,,fantasy
animate,yogi,yogis,,
animate,zebra,zebras,,
animate,zen master,zen masters,,
animate,zombie,zombies,,fantasy
animate,zookeeper,zookeepers,,
container,backpack,backpacks,,
container,bag,bags,,
container,barrel,barrels,,
container,basket,baskets,,
container,bin,bins,,
container,bindle,bindles,,
container,box,boxes,,
container,briefcase,briefcases,,modern
container,bucket,buckets,,
container,can,cans,,
container,canister,canisters,,
container,carton,cartons,,
container,chest,chests,,
container,container,containers,,
container,crate,crates,,
container,database,databases,,scifi
container,duffel bag,duffel bags,,modern
container,jar,jars,,
container,jug,jugs,,
container,oven,ovens,,
container,package,packages,,
container,parcel,parcels,,
container,refrigerator,refrigerators,,modern
container,reliquary,reliquaries,,historic
container,sack,sacks,,
container,safe,safes,,
container,sarcophagus,sarcophagi,,historic
container,satchel,satchels,,
container,shipping container,shipping containers,,modern
container,suitcase,suitcases,,modern
container,tote bag,tote bags,,modern
container,trunk,trunks,,
container,tub,tubs,,
container,vending machine,vending machines,,modern
container,wheelbarrow,wheelbarrows,,
genre,adventure,,,
genre,allegory,,,
genre,animation,,,
genre,anime,,,
genre,article,,,
genre,artwork,,,
genre,autobiography,,,
genre,ballad,,,
genre,bedtime story,,,
genre,biography,,,
genre,blog post,,,modern
genre,book,,,
genre,comedy,,,
genre,comic book,,,
genre,comic strip,,,
genre,commercial,,,modern
genre,conspiracy,,,
genre,critique,,,
genre,disaster,,,
genre,dissertation,,,
genre,documentary,,,
genre,drama,,,
genre,dream,,,
genre,epic,,,historic
genre,essay,,,
genre,fable,,,
genre,fairy tale,,,fantasy
genre,film,,,
genre,graphic novel,,,
genre,hoax,,,
genre,horror story,,,
genre,interview,,,
genre,lecture,,,
genre,legend,,,historic
genre,limerick,,,
genre,manga,,,
genre,memoir,,,
genre,memory,,,
genre,miniseries,,,
genre,misadventure,,,
genre,movie,,,
genre,music video,,,
genre,musical,,,
genre,mystery,,,
genre,narrative,,,
genre,newscast,,,modern
genre,nightmare,,,
genre,novel,,,
genre,novella,,,
genre,opera,,,
genre,painting,,,
genre,parable,,,
genre,parable,,,historic
genre,play,,,
genre,poem,,,
genre,prequel,,,
genre,presentation,,,
genre,radio play,,,
genre,romance,,,
genre,saga,,,
genre,satire,,,
genre,scripture,,,historic
genre,sculpture,,,
genre,sequel,,,
genre,series,,,
genre,short story,,,
genre,show,,,
genre,sitcom,,,
genre,song,,,
genre,sonnet,,,
genre,speech,,,
genre,spin-off,,,
genre,standup routine,,,
genre,story,,,
genre,tale,,,
genre,tapestry,,,historic
genre,testimony,,,
genre,textbook,,,
genre,thesis,,,
genre,thriller,,,
genre,tragedy,,,
genre,training video,,,modern
genre,transcript,,,modern
genre,trilogy,,,
genre,video game,,,
genre,western,,,historic
group,alliance,,,
group,army,,,
group,assembly,,,
group,band,,,
group,cabal,,,
group,cadre,,,
group,cartel,,,
group,choir,,,
group,clique,,,
group,cluster,,,
group,cohort,,,
group,company,,,
group,coven,,,
group,crew,,,
group,crowd,,,
group,cult,,,
group,ensemble,,,
group,faction,,,
group,gang,,,
group,gathering,,,
group,generation,,,
group,group,,,
group,guild,,,
group,horde,,,
group,legion,,,
group,mob,,,
group,orchestra,,,
group,organization,,,
group,pair,,,
group,plethora,,,
group,quartet,,,
group,squad,,,
group,swarm,,,
group,team,,,
group,trio,,,
group,troupe,,,
group,union,,,
location,a delusion,,,
location,a dream,,,
location,a magical realm,,,fantasy
location,Afghanistan,,,
location,Africa,,,
location,Algeria,,,
location,Amsterdam,,,
location,Anatolia,,,historic
location,ancient times,,,historic
location,Andorra,,,
location,Angkor Wat,,,
location,another dimension,,,scifi
location,another galaxy,,,scifi
location,another universe,,,scifi
location,Antarctica,,,
location,Arabia,,,
location,Argentina,,,
location,Asia,,,
location,Athens,,,
location,Atlantis,,,fantasy
location,Australia,,,
location,Austria,,,
location,Barcelona,,,
location,Beijing,,,
location,Belarus,,,
location,Belgium,,,
location,Bengladesh,,,
location,Berlin,,,
location,Bermuda,,,
location,Bosnia,,,
location,Botswana,,,
location,bottom of the ocean,,at,scifi
location,Brazil,,,
location,Buenos Aires,,,
location,Cairo,,,
location,Cambodia,,,
location,Canada,,,
location,Carthage,,,historic
location,Chicago,,,
location,Chile,,,
location,China,,,
location,Colombia,,,
location,Croatia,,,
location,Cuba,,,
location,Curacao,,,
location,cyberspace,,,scifi
location,Czekia,,,
location,Dallas,,,
location,Darfur,,,
location,Denmark,,,
location,Detroit,,,
location,Djibouti,,,
location,Dubai,,,
location,Dublin,,,
location,Earth,,on,scifi
location,Ecuador,,,
location,Egypt,,,
location,El Salvador,,,
location,England,,,
location,Estonia,,,
location,Ethiopia,,,
location,Europe,,,
location,Finland,,,
location,France,,,
location,"Gary, Indiana",,,
location,Geneva,,,
location,Germany,,,
location,Giza,,,
location,Greece,,,
location,Greenland,,,
location,Guatamala,,,
location,Havanna,,,
location,Heaven,,,fantasy
location,Hell,,,fantasy
location,Hong Kong,,,
location,Houston,,,
location,Hungary,,,
location,hyperspace,,,scifi
location,Iberia,,,
location,Iceland,,,
location,India,,,
location,Indonesia,,,
location,intergalactic space,,,scifi
location,interplanetary space,,,scifi
location,interstellar space,,,scifi
location,Iran,,,
location,Iraq,,,
location,Ireland,,,
location,Israel,,,
location,Italy,,,
location,Jakarta,,,
location,Japan,,,
location,Jerusalem,,,
location,Johannesburg,,,
location,Jordan,,,
location,Jupiter,,on,scifi
location,Kazakhstan,,,
location,Korea,,,
location,Kuwait,,,
location,Kyoto,,,
location,Kyrgyzstan,,,
location,Laos,,,
location,Las Vegas,,,
location,Latvia,,,
location,Liberia,,,
location,Lithuania,,,
location,London,,,
location,Los Angeles,,,
location,Luxembourg,,,
location,Lybia,,,
location,Madagascar,,,
location,Malaysia,,,
location,Mali,,,
location,Malta,,,
location,Mars,,on,scifi
location,Mecca,,,
location,Mercury,,on,scifi
location,Mexico,,,
location,Mexico City,,,
location,Milwaukee,,,
location,Minneapolis,,,
location,Monaco,,,
location,Mongolia,,,
location,Morocco,,,
location,Moscow,,,
location,Mumbai,,,
location,Naples,,,
location,Nepal,,,
location,Neptune,,on,scifi
location,New Delhi,,,
location,New York,,,
location,New Zealand,,,
location,Nigeria,,,
location,North America,,,
location,North Korea,,,
location,Norway,,,
location,Okinawa,,,
location,Oman,,,
location,Osaka,,,
location,Oslo,,,
location,Pakistan,,,
location,Palestine,,,
location,Panama,,,
location,Pangea,,,fantasy
location,Papua New Guinea,,,
location,Paraguay,,,
location,parallel universe,,,scifi
location,Paris,,,
location,parrallel dimenson,,,scifi
location,Pluto,,on,scifi
location,Poland,,,
location,Portugal,,,
location,Prague,,,
location,Rio de Janiero,,,
location,Romania,,,
location,Rome,,,
location,Russia,,,
location,Rwanda,,,
location,San Fransisco,,,
location,Sardinia,,,
location,Saturn,,on,scifi
location,Saudi Arabia,,,
location,Scotland,,,
location,Seattle,,,
location,Shanghai,,,
location,Siberia,,,
location,Sicily,,,
location,Sierra Leone,,,
location,Singapore,,,
location,Slovakia,,,
location,Somalia,,,
location,South Africa,,,
location,South America,,,
location,South Korea,,,
location,space,,,scifi
location,Spain,,,
location,Sri Lanka,,,
location,Sumeria,,,historic
location,Sweden,,,
location,Switzerland,,,
location,Sydney,,,
location,Syracuse,,,
location,Tasmania,,,
location,the Alamo,,,historic
location,the Alps,,,
location,the Andes,,,
location,the Arctic,,,
location,the Aztec Empire,,,historic
location,the Bahamas,,,
location,the bayou,,,
location,the Carribean,,,
location,the Congo,,,
location,the Galapagos,,,
location,the Great Lakes,,,
location,the Great Lakes area,,,
location,the Himalayas,,,
location,the Incan Empire,,,historic
location,the Mediterranean,,,
location,the mind,,,
location,the Netherlands,,,
location,the ocean,,,
location,the Outback,,,
location,the Palace of Versailles,,,historic
location,the Panama Canal,,,
location,the Persian Empire,,,historic
location,the Rockies,,,
location,the Roman Empire,,,historic
location,the Roman Republic,,,historic
location,the Sahara,,,
location,the savannah,,,
location,the sea,,,
location,the Serengeti,,,
location,the sky,,in,
location,the Soviet Union,,,modern
location,the Suez Canal,,,
location,the Sun,on,,scifi
location,the Tibetean plateau,,,
location,the United States,,,
location,the Vatican,,,historic
location,Tibet,,,
location,Tobago,,,
location,Togo,,,
location,Tokyo,,,
location,Toronto,,,
location,Trinidad,,,
location,Tunisia,,,
location,Turkey,,,
location,Turkmenistan,,,
location,Uganda,,,
location,Uraguay,,,
location,Uranus,on,,scifi
location,Valencia,,,
location,Vancouver,,,
location,Venus,on,,scifi
location,Venuzuela,,,
location,Vienna,,,
location,Vietnam,,,
location,Wales,,,
location,Washington,,,
location,Yemen,,,
location,Zaire,,,
location,Zimbabwe,,,
object,air conditioner,air conditioners,,modern
object,apparatus,apparatuses,,
object,apple,apples,,
object,asteroid,asteroids,,scifi
object,ballista,ballistae,,historic
object,ballot,ballots,,
object,banana,bananas,,
object,bar of soap,bars of soap,,
object,battering ram,battering rams,,historic
object,bean,beans,,
object,bed,beds,,
object,biscuit,biscuits,,
object,bone,bones,,
object,book,books,,
object,bottle,bottles,,
object,bouquet,bouquets,,
object,bow and arrow,bows and arrows,,historic
object,bowl,bowls,,
object,cake,cakes,,
object,camera,cameras,,modern
object,candelabra,candelabras,,
object,candle,candles,,
object,candy bar,candy bars,,modern
object,cane,canes,,
object,cannon,cannons,,historic
object,car,cars,,modern
object,carrot,carrots,,
object,catapult,catapults,,historic
object,cauldron,cauldrons,,fantasy
object,cell phone,cell phones,,modern
object,chair,chairs,,
object,chamber pot,chamber pots,,historic
object,cheese,cheeses,,
object,cheeseburger,cheeseburgers,,modern
object,cheesesteak,cheesesteaks,,modern
object,chess set,chess sets,,
object,chisel,chisels,,
object,cigar,cigars,,modern
object,comet,comets,,scifi
object,computer,computers,,modern
object,cookie,cookies,,
object,couch,couches,,
object,crossbow,crossbows,,historic
object,crown,crowns,,historic
object,crystal,crystals,,fantasy
object,cube,cubes,,
object,cucumber,cucumbers,,
object,cup,cups,,
object,dagger,daggers,,historic
object,deck of cards,decks of cards,,
object,device,devices,,
object,diamond,diamonds,,
object,diaper,diapers,,modern
object,drum,drums,,
object,egg,eggs,,
object,emerald,emeralds,,
object,energy drink,energy drinks,,modern
object,farming implement,farming implements,,
object,flag,flags,,
object,flashlight,flashlights,,modern
object,flower,flowers,,
object,frisbee,frisbees,,modern
object,gemstone,gemstones,,
object,gladius,gladiuses,,historic
object,gourd,gourds,,
object,guitar,guitars,,modern
object,gun,guns,,
object,halberd,halberds,,historic
object,ham,hams,,
object,hamburger,hamburgers,,modern
object,hammer,hammers,,
object,harpoon,harpoons,,
object,hat,hats,,
object,hot dog,hot dogs,,modern
object,jewel,jewels,,
object,katana,katanas,,historic
object,key,keys,,
object,knife,knives,,
object,lamp,lamps,,modern
object,laser gun,laser guns,,scifi
object,letter,letters,,
object,loaf of bread,loaves of bread,,
object,machine,machines,,
object,magazine,magazines,,modern
object,magnet,magnets,,modern
object,map,maps,,
object,meatloaf,meatloaves,,
object,mechanism,mechanisms,,
object,meteor,meteors,,scifi
object,MRE,MREs,,modern
object,mummy,mummies,,historic
object,mushroom,mushrooms,,
object,musical instrument,musical instruments,,
object,necklace,necklace,,
object,orange,oranges,,
object,oxygen tank,oxygen tanks,,modern
object,paintbrush,paintbrushes,,
object,painting,paintings,,
object,pair of boots,pairs of boots,,
object,pair of glasses,pairs of glasses,,modern
object,pair of gloves,pairs of gloves,,
object,pair of goggles,pairs of goggles,,modern
object,pair of mittens,pairs of mittens,,
object,pair of pants,pairs of pants,,
object,pair of shoes,pairs of shoes,,
object,pepper,peppers,,
object,piano,pianos,,modern
object,pickle,pickles,,
object,pie,pies,,
object,pike,pikes,,historic
object,pistol,pistols,,
object,plant,plants,,
object,plunger,plungers,,modern
object,pocket watch,picket watches,,historic
object,pot,pots,,
object,potion,potions,,fantasy
object,pumpkin,pumpkins,,
object,puppet,puppets,,
object,rifle,rifles,,
object,rock,rocks,,
object,ruby,rubies,,
object,rutebaga,rutebagas,,
object,sapphire,sapphires,,
object,sausage,sausages,,
object,scarf,scarves,,
object,scroll,scrolls,,historic
object,shield,shields,,historic
object,shirt,shirts,,
object,smart phone,smart phones,,modern
object,soda,sodas,,modern
object,soup,soup,,
object,spacesuit,spacesuit,,modern
object,spear,spears,,historic
object,staff,staves,,fantasy
object,statue,statues,,
object,steak,steaks,,
object,suit,suits,,modern
object,sweater,sweaters,,
object,sword,swords,,historic
object,table,tables,,
object,tablet,tablets,,historic
object,telephone,telephones,,modern
object,ticket,tickets,,
object,time machine,time machines,,scifi
object,toilet,toilets,,
object,tome,tomes,,fantasy
object,tool,tools,,
object,tooth,teeth,,
object,top hat,top hats,,modern
object,torch,torches,,historic
object,tractor,tractors,,modern
object,treasure map,treasure maps,,historic
object,trebuchet,trebuchets,,historic
object,tree,trees,,
object,truck,trucks,,modern
object,tuxedo,tuxedos,,modern
object,TV,TVs,,modern
object,UFO,UFOs,,scifi
object,vase,vases,,
object,wand,wands,,fantasy
object,weapon,weapons,,
object,wristwatch,wristwatches,,modern
object,xylophone,xylophones,,
period,a blizzard,,,
period,a car ride,,,modern
period,a drought,,,
period,a flood,,,
period,a fundraiser,,,
period,a hurricane,,,
period,a leap year,,,
period,a pilgramage,,,
period,a plane flight,,,modern
period,a revolution,,,
period,a snowstorm,,,
period,a storm,,,
period,a sunset,,,
period,a thunderstorm,,,
period,a traffic jam,,,modern
period,a train ride,,,modern
period,a vacation,,,
period,a war,,,
period,an election,,,
period,another time,,,
period,April,,,
period,archaic times,,,historic
period,August,,,
period,autumn,,,
period,battle,,,
period,Christmas,,,
period,December,,,
period,early dawn,,,
period,February,,,
period,Hanukkah,,,
period,January,,,
period,July,,,
period,June,,,
period,Lent,,,
period,March,,,
period,May,,,
period,medieval times,,,historic
period,modern times,,,modern
period,November,,,
period,October,,,
period,Passover,,,
period,Ramadan,,,
period,Roman times,,,historic
period,September,,,
period,spring,,,
period,summer,,,
period,Thanksgiving,,,
period,the afternoon,,,
period,the American Civil War,,,historic
period,the apocalypse,,,
period,the bronze age,,,historic
period,the Classical era,,,historic
period,the Cold War,,,modern
period,the colonial era,,,historic
period,the dark ages,,,historic
period,the day,,,
period,the distant future,,,
period,the distant past,,,historic
period,the Dreamtime,,,fantasy
period,the evening,,,
period,the fall,,,
period,the future,,,
period,the Ice Age,,,historic
period,the information age,,,modern
period,the monsoon,,,
period,the morning,,,
period,the night,,,
period,the past,,,
period,the Spanish Civil War,,,historic
period,the stone age,,,historic
period,the sunrise,,,
period,the weekend,,,modern
period,the work week,,,modern
period,winter,,,
period,World War I,,,modern
period,World War II,,,modern
setting,academy,acadamies,in,
setting,airplane,airplanes,on,modern
setting,airport,airports,in,modern
setting,airship,airships,on,scifi
setting,amusement park,amusement parks,at,
setting,aqueduct,aqueducts,on,historic
setting,arcade,arcades,in,modern
setting,archipelago,archipelagos,on,
setting,area,areas,in,
setting,arena,arenas,in,
setting,asteroid,asteroids,on,scifi
setting,avenue,avenues,on,
setting,backyard,backyards,in,
setting,bar,bars,at,
setting,basement,basements,in,
setting,battleship,battleships,on,
setting,beach,beaches,on,
setting,blimp,blimps,on,modern
setting,boardwalk,boardwalks,,modern
setting,boat,boats,on,
setting,bowling alley,bowling alleys,in,modern
setting,bridge,bridges,in,
setting,bunker,bunkers,in,modern
setting,campsite,campsites,at,
setting,cargo ship,cargo ships,on,
setting,casino,casinos,in,modern
setting,castle,castles,in,
setting,cathedral,cathedrals,in,
setting,cave,caves,in,
setting,cavern,caverns,in,
setting,church,churches,in,
setting,circus,circuses,in,
setting,city,cities,in,
setting,coastline,coastlines,on,
setting,coffee shop,coffee shops,in,modern
setting,concert,concerts,at,
setting,courthouse,courthouses,in,modern
setting,cruise ship,cruise ships,on,modern
setting,crypt,crypts,in,
setting,dance club,dance clubs,in,modern
setting,desert,deserts,in,
setting,diner,diners,at,modern
setting,discotheque,discotheques,in,modern
setting,dockyard,dockyards,at,
setting,dungeon,dungeons,in,historic
setting,empire,empire,in,historic
setting,event horizon,event horizons,at,scifi
setting,factory,factory,in,modern
setting,farm,farms,on,
setting,festival,festivals,at,
setting,field,fields,in,
setting,forest,forests,in,
setting,fortress,fortresses,in,
setting,foxhole,forxholes,in,modern
setting,front yard,front yards,in,
setting,galleon,galleons,on,
setting,gambling den,gambling dens,in,
setting,game show,game shows,on,modern
setting,garden,gardens,in,
setting,graveyard,graveyards,in,
setting,grove,groves,in,
setting,gym,gyms,in,
setting,highway,highways,on,modern
setting,hospital,hospitals,in,
setting,hostel,hostels,in,modern
setting,hotel,hotels,at,modern
setting,house,houses,at,
setting,iceberg,icebergs,on,
setting,inn,inns,,
setting,island,islands,on,
setting,jungle,jungles,in,
setting,kingdom,kingdoms,in,historic
setting,kitchen,kitchens,in,
setting,laboratory,laboratories,in,
setting,lake,lake,on,
setting,land,lands,in,
setting,library,libraries,in,
setting,lodge,lodges,at,
setting,mansion,mansions,at,
setting,marina,marinas,at,
setting,military base,military bases,on,
setting,mine,mines,in,
setting,moon,moons,on,scifi
setting,mosque,mosques,in,
setting,mountain,mountains,on,
setting,museum,museums,in,
setting,ocean,oceans,in,
setting,oil rig,oil rigs,on,modern
setting,orbital platform,orbital platforms,on,scifi
setting,palace,palaces,in,historic
setting,park,parks,in,
setting,party,parties,at,
setting,pit,pits,in,
setting,place,places,in,
setting,plain,plains,on,
setting,planet,planets,on,scifi
setting,pontoon,pontoon,on,modern
setting,prison,prisons,in,modern
setting,pyramid,pyramids,in,
setting,quarry,quarries,in,
setting,racetrack,racetracks,on,
setting,radio,radios,over,modern
setting,rainforest,rainforests,in,
setting,rave,raves,at,modern
setting,realm,realms,in,historic
setting,research station,research stations,at,
setting,restaurant,restaurants,at,
setting,river,rivers,on,
setting,road,roads,on,
setting,school,schools,in,
setting,sea,seas,in,
setting,sewer system,sewer systems,in,
setting,shipyard,shipyards,in,modern
setting,situation,situations,during,
setting,space freighter,space frieghters,on,scifi
setting,spaceport,spaceports,in,scifi
setting,stadium,stadiums,in,
setting,star,stars,around,scifi
setting,street,streets,on,
setting,submarine,submarines,on,modern
setting,subway system,subway systems,in,modern
setting,supermarket,supermarkets,in,modern
setting,talk show,talk shows,on,modern
setting,tavern,taverns,in,historic
setting,teahouse,teahouses,in,
setting,temple,temples,in,
setting,theatre,theatres,in,modern
setting,tomb,tombs,in,
setting,tower,towers,in,historic
setting,town,towns,in,
setting,trainyard,trainyards,in,modern
setting,tree,trees,in,
setting,trench,trenches,in,modern
setting,tundra,tundras,in,
setting,tunnel,tunnels,in,
setting,valley,valleys,in,
setting,vault,vaults,in,
setting,village,villages,in,
setting,volcano,volcanos,inside,
setting,war,wars,in,
setting,warehouse,warehouses,in,
setting,wasteland,wastelands,in,
setting,world,worlds,in,fantasy
setting,yacht,yachts,on,modern
setting,zeppelin,zeppelin,on,modern
setting,zoo,zoos,at,
substance,air,,,fantasy
substance,amber,,,
substance,antimatter,,,scifi
substance,bacteria,,,scifi
substance,bamboo,,,
substance,blood,,,fantasy
substance,bone,,,
substance,brass,,,
substance,brick,,,
substance,bronze,,,
substance,candy,,,modern
substance,ceramic,,,
substance,cheese,,,
substance,circuitry,,,scifi
substance,circuitry,,,scifi
substance,clay,,,
substance,concrete,,,modern
substance,copper,,,
substance,dirt,,,
substance,driftwood,,,
substance,dust,,,
substance,electricity,,,scifi
substance,fabric,,,
substance,fire,,,
substance,flesh,,,fantasy
substance,food,,,
substance,garbage,,,
substance,glass,,,
substance,gold,,,
substance,grass,,,
substance,hair,,,
substance,hydrocarbons,,,modern
substance,ice,,,
substance,iron,,,
substance,lasers,,,scifi
substance,light,,,
substance,magic,,,fantasy
substance,marble,,,
substance,metal,,,
substance,nanobots,,,scifi
substance,paint,,,
substance,paper,,,
substance,petrified wood,,,
substance,pewter,,,
substance,plaster,,,
substance,plastic,,,modern
substance,porcelain,,,
substance,rubber,,,
substance,salt,,,
substance,sand,,,
substance,silver,,,
substance,slime,,,fantasy
substance,stone,,,
substance,straw,,,
substance,titanium,,,modern
substance,unobtanium,,,scifi
substance,water,,,
substance,wood,,,
substance,wool,,,